Level 1,Level 2,Level 3,Level 3 Description,Strategic Technology,Strategic Technology Description
Tax_L1,Tax_L1.1,Tax_L1.1.1,Tax_L1.1.1 Description,Tech001,Tech001 Description
Tax_L1,Tax_L1.1,Tax_L1.1.2,Tax_L1.1.2 Description,Tech002,Tech002 Description
Tax_L1,Tax_L1.2,Tax_L1.2.1,Tax_L1.2.1 Description,Tech003,Tech003 Description
Tax_L1,Tax_L1.3,Tax_L1.3.1,Tax_L1.3.1 Description,Tech004,Tech004 Description
Tax_L1,Tax_L1.3,Tax_L1.3.2,Tax_L1.3.2 Description,Tech005,Tech005 Description
Tax_L1,Tax_L1.3,Tax_L1.3.3,Tax_L1.3.3 Description,Tech006,Tech006 Description
Tax_L1,Tax_L1.3,Tax_L1.3.3,Tax_L1.3.3 Description,Tech007,Tech007 Description
Tax_L1,Tax_L1.3,Tax_L1.3.3,Tax_L1.3.3 Description,Tech008,Tech008 Description
Tax_L1,Tax_L1.4,Tax_L1.4.1,Tax_L1.4.1 Description,Tech009,Tech009 Description
Tax_L1,Tax_L1.4,Tax_L1.4.2,Tax_L1.4.2 Description,Tech010,Tech010 Description
Tax_L1,Tax_L1.4,Tax_L1.4.3,Tax_L1.4.3 Description,Tech011,Tech011 Description
Tax_L1,Tax_L1.4,Tax_L1.4.4,Tax_L1.4.4 Description,Tech012,Tech012 Description
Tax_L1,Tax_L1.4,Tax_L1.4.4,Tax_L1.4.4 Description,Tech001,Tech001 Description
Tax_L1,Tax_L1.4,Tax_L1.4.4,Tax_L1.4.4 Description,Tech014,Tech014 Description
Tax_L1,Tax_L1.5,Tax_L1.5.1,Tax_L1.5.1 Description,Tech015,Tech015 Description
Tax_L1,Tax_L1.5,Tax_L1.5.2,Tax_L1.5.2 Description,Tech016,Tech016 Description
Tax_L1,Tax_L1.5,Tax_L1.5.3,Tax_L1.5.3 Description,Tech017,Tech017 Description
Tax_L2,Tax_L2.1,Tax_L2.1.1,Tax_L2.1.1 Description,Tech018,Tech018 Description
Tax_L3_Longname_for_testing,Tax_L3.1_Longname_for_testing,Tax_L3.1.1_Longname_for_testing,Tax_L3.1.1 Description,Tech019,Tech019 Description
Tax_L4,Tax_L4.1,Tax_L4.1.1,Tax_L4.1.1 Description,Tech020,Tech020 Description
Tax_L5,Tax_L5.1,Tax_L5.1.1,Tax_L5.1.1 Description,Tech021,Tech021 Description
Tax_L6,Tax_L6.1,Tax_L6.1.1,Tax_L6.1.1 Description,Tech022,Tech022 Description
Tax_L7,Tax_L7.1,Tax_L7.1.1,Tax_L7.1.1 Description,Tech023,Tech023 Description
Tax_L8,Tax_L8.1,Tax_L8.1.1,Tax_L8.1.1 Description,Tech024,Tech024 Description
Tax_L9,Tax_L9.1,Tax_L9.1.1,Tax_L9.1.1 Description,Tech025,Tech025 Description
Tax_L10,Tax_L10.1,Tax_L10.1.1,Tax_L10.1.1 Description,Tech026,Tech026 Description
